<?xml version="1.0" encoding="UTF-8"?>
<con:soapui-project id="2bbefc54-288c-41ef-b997-a25a64172ae9" activeEnvironment="Default" name="Yandex_speller" resourceRoot="" soapui-version="5.6.0" abortOnError="false" runType="SEQUENTIAL" xmlns:con="http://eviware.com/soapui/config"><con:settings/><con:interface xsi:type="con:WsdlInterface" id="f9ebc342-c0d5-4e7a-aa1f-65253eed3c80" wsaVersion="NONE" name="SpellServiceSoap12" type="wsdl" bindingName="{http://speller.yandex.net/services/spellservice}SpellServiceSoap12" soapVersion="1_2" anonymous="optional" definition="https://speller.yandex.net/services/spellservice?WSDL" xmlns:xsi="http://www.w3.org/2001/XMLSchema-instance"><con:settings/><con:definitionCache type="TEXT" rootPart="https://speller.yandex.net/services/spellservice?WSDL"><con:part><con:url>https://speller.yandex.net/services/spellservice?WSDL</con:url><con:content><![CDATA[<wsdl:definitions targetNamespace="http://speller.yandex.net/services/spellservice" xmlns:soap="http://schemas.xmlsoap.org/wsdl/soap/" xmlns:tns="http://speller.yandex.net/services/spellservice" xmlns:s="http://www.w3.org/2001/XMLSchema" xmlns:soap12="http://schemas.xmlsoap.org/wsdl/soap12/" xmlns:http="http://schemas.xmlsoap.org/wsdl/http/" xmlns:wsdl="http://schemas.xmlsoap.org/wsdl/">
  <wsdl:types>
    <s:schema elementFormDefault="qualified" targetNamespace="http://speller.yandex.net/services/spellservice">
      <s:element name="CheckTextRequest">
        <s:complexType>
          <s:sequence>
            <s:element minOccurs="1" maxOccurs="1" name="text" type="s:string"/>
          </s:sequence>
          <s:attribute name="lang" type="s:string"/>
          <s:attribute name="options" type="s:int" use="optional" default="0"/>
          <s:attribute name="format" type="s:string" use="optional" default=""/>
        </s:complexType>
      </s:element>
      <s:element name="CheckTextResponse">
        <s:complexType>
          <s:sequence>
            <s:element minOccurs="1" maxOccurs="1" name="SpellResult" type="tns:SpellResult"/>
          </s:sequence>
        </s:complexType>
      </s:element>
      <s:complexType name="SpellResult">
        <s:sequence>
          <s:element minOccurs="0" maxOccurs="unbounded" name="error" type="tns:SpellError"/>
        </s:sequence>
      </s:complexType>
      <s:complexType name="SpellError">
        <s:sequence>
          <s:element minOccurs="1" maxOccurs="1" name="word" type="s:string"/>
          <s:element minOccurs="0" maxOccurs="unbounded" name="s" type="s:string"/>
        </s:sequence>
        <s:attribute name="code" type="s:int" use="required"/>
        <s:attribute name="pos" type="s:int" use="required"/>
        <s:attribute name="row" type="s:int" use="required"/>
        <s:attribute name="col" type="s:int" use="required"/>
        <s:attribute name="len" type="s:int" use="required"/>
      </s:complexType>
      <s:element name="CheckTextsRequest">
        <s:complexType>
          <s:sequence>
            <s:element minOccurs="0" maxOccurs="unbounded" name="text" type="s:string"/>
          </s:sequence>
          <s:attribute name="lang" type="s:string"/>
          <s:attribute name="options" type="s:int" use="optional" default="0"/>
          <s:attribute name="format" type="s:string" use="optional" default=""/>
        </s:complexType>
      </s:element>
      <s:element name="CheckTextsResponse">
        <s:complexType>
          <s:sequence>
            <s:element minOccurs="1" maxOccurs="1" name="ArrayOfSpellResult" type="tns:ArrayOfSpellResult"/>
          </s:sequence>
        </s:complexType>
      </s:element>
      <s:complexType name="ArrayOfSpellResult">
        <s:sequence>
          <s:element minOccurs="0" maxOccurs="unbounded" name="SpellResult" type="tns:SpellResult"/>
        </s:sequence>
      </s:complexType>
    </s:schema>
  </wsdl:types>
  <wsdl:message name="checkTextSoapIn">
    <wsdl:part name="parameters" element="tns:CheckTextRequest"/>
  </wsdl:message>
  <wsdl:message name="checkTextSoapOut">
    <wsdl:part name="parameters" element="tns:CheckTextResponse"/>
  </wsdl:message>
  <wsdl:message name="checkTextsSoapIn">
    <wsdl:part name="parameters" element="tns:CheckTextsRequest"/>
  </wsdl:message>
  <wsdl:message name="checkTextsSoapOut">
    <wsdl:part name="parameters" element="tns:CheckTextsResponse"/>
  </wsdl:message>
  <wsdl:portType name="SpellServiceSoap">
    <wsdl:operation name="checkText">
      <wsdl:input message="tns:checkTextSoapIn"/>
      <wsdl:output message="tns:checkTextSoapOut"/>
    </wsdl:operation>
    <wsdl:operation name="checkTexts">
      <wsdl:input message="tns:checkTextsSoapIn"/>
      <wsdl:output message="tns:checkTextsSoapOut"/>
    </wsdl:operation>
  </wsdl:portType>
  <wsdl:binding name="SpellServiceSoap" type="tns:SpellServiceSoap">
    <soap:binding transport="http://schemas.xmlsoap.org/soap/http"/>
    <wsdl:operation name="checkText">
      <soap:operation soapAction="http://speller.yandex.net/services/spellservice/checkText" style="document"/>
      <wsdl:input>
        <soap:body use="literal"/>
      </wsdl:input>
      <wsdl:output>
        <soap:body use="literal"/>
      </wsdl:output>
    </wsdl:operation>
    <wsdl:operation name="checkTexts">
      <soap:operation soapAction="http://speller.yandex.net/services/spellservice/checkTexts" style="document"/>
      <wsdl:input>
        <soap:body use="literal"/>
      </wsdl:input>
      <wsdl:output>
        <soap:body use="literal"/>
      </wsdl:output>
    </wsdl:operation>
  </wsdl:binding>
  <wsdl:binding name="SpellServiceSoap12" type="tns:SpellServiceSoap">
    <soap12:binding transport="http://schemas.xmlsoap.org/soap/http"/>
    <wsdl:operation name="checkText">
      <soap12:operation soapAction="http://speller.yandex.net/services/spellservice/checkText" style="document"/>
      <wsdl:input>
        <soap12:body use="literal"/>
      </wsdl:input>
      <wsdl:output>
        <soap12:body use="literal"/>
      </wsdl:output>
    </wsdl:operation>
    <wsdl:operation name="checkTexts">
      <soap12:operation soapAction="http://speller.yandex.net/services/spellservice/checkTexts" style="document"/>
      <wsdl:input>
        <soap12:body use="literal"/>
      </wsdl:input>
      <wsdl:output>
        <soap12:body use="literal"/>
      </wsdl:output>
    </wsdl:operation>
  </wsdl:binding>
  <wsdl:service name="SpellService">
    <wsdl:port name="SpellServiceSoap" binding="tns:SpellServiceSoap">
      <soap:address location="http://speller.yandex.net/services/spellservice"/>
    </wsdl:port>
    <wsdl:port name="SpellServiceSoap12" binding="tns:SpellServiceSoap12">
      <soap12:address location="http://speller.yandex.net/services/spellservice"/>
    </wsdl:port>
  </wsdl:service>
</wsdl:definitions>]]></con:content><con:type>http://schemas.xmlsoap.org/wsdl/</con:type></con:part></con:definitionCache><con:endpoints><con:endpoint>http://speller.yandex.net/services/spellservice</con:endpoint></con:endpoints><con:operation id="feb58f78-97ca-4747-ae48-dc73999aae57" isOneWay="false" action="http://speller.yandex.net/services/spellservice/checkText" name="checkText" bindingOperationName="checkText" type="Request-Response" inputName="" receivesAttachments="false" sendsAttachments="false" anonymous="optional"><con:settings/><con:call id="104eaff6-beff-4d1e-8b94-4015f4794586" name="New_mock_ya_req"><con:settings><con:setting id="com.eviware.soapui.impl.wsdl.WsdlRequest@request-headers">&lt;xml-fragment/></con:setting></con:settings><con:encoding>UTF-8</con:encoding><con:endpoint>http://LAPTOP-TO4BLV02:8080</con:endpoint><con:request><![CDATA[<soap:Envelope xmlns:soap="http://www.w3.org/2003/05/soap-envelope" xmlns:spel="http://speller.yandex.net/services/spellservice">
   <soap:Header/>
   <soap:Body>
      <spel:CheckTextRequest lang="ru" options="14" format="">
         <spel:text>полылка</spel:text>
      </spel:CheckTextRequest>
   </soap:Body>
</soap:Envelope>]]></con:request><con:credentials><con:authType>No Authorization</con:authType></con:credentials><con:jmsConfig JMSDeliveryMode="PERSISTENT"/><con:jmsPropertyConfig/><con:wsaConfig mustUnderstand="NONE" version="200508" action="http://speller.yandex.net/services/spellservice/SpellServiceSoap/checkTextRequest"/><con:wsrmConfig version="1.2"/></con:call><con:call id="d7efb77a-42e0-49ab-8b22-e293e364582f" name="Req_2"><con:settings><con:setting id="com.eviware.soapui.impl.wsdl.WsdlRequest@request-headers">&lt;xml-fragment/></con:setting></con:settings><con:encoding>UTF-8</con:encoding><con:endpoint>http://LAPTOP-TO4BLV02:8080/123/</con:endpoint><con:request><![CDATA[<soap:Envelope xmlns:soap="http://www.w3.org/2003/05/soap-envelope" xmlns:spel="http://speller.yandex.net/services/spellservice">
   <soap:Header/>
   <soap:Body>
      <spel:CheckTextRequest lang="ru" options="14" format="">
         <spel:text>про</spel:text>
      </spel:CheckTextRequest>
   </soap:Body>
</soap:Envelope>]]></con:request><con:credentials><con:authType>No Authorization</con:authType></con:credentials><con:jmsConfig JMSDeliveryMode="PERSISTENT"/><con:jmsPropertyConfig/><con:wsaConfig mustUnderstand="NONE" version="200508" action="http://speller.yandex.net/services/spellservice/SpellServiceSoap/checkTextRequest"/><con:wsrmConfig version="1.2"/></con:call><con:call id="b91f1188-7128-472c-aa1c-41fe99770ff9" name="Req_en_1"><con:settings><con:setting id="com.eviware.soapui.impl.wsdl.WsdlRequest@request-headers">&lt;xml-fragment/></con:setting></con:settings><con:encoding>UTF-8</con:encoding><con:endpoint>http://LAPTOP-TO4BLV02:8080/1234</con:endpoint><con:request><![CDATA[<soap:Envelope xmlns:soap="http://www.w3.org/2003/05/soap-envelope" xmlns:spel="http://speller.yandex.net/services/spellservice">
   <soap:Header/>
   <soap:Body>
      <spel:CheckTextRequest lang="ru" options="14" format="">
         <spel:text>Go awuy</spel:text>
      </spel:CheckTextRequest>
   </soap:Body>
</soap:Envelope>]]></con:request><con:credentials><con:authType>No Authorization</con:authType></con:credentials><con:jmsConfig JMSDeliveryMode="PERSISTENT"/><con:jmsPropertyConfig/><con:wsaConfig mustUnderstand="NONE" version="200508" action="http://speller.yandex.net/services/spellservice/SpellServiceSoap/checkTextRequest"/><con:wsrmConfig version="1.2"/></con:call></con:operation><con:operation id="84478e81-12cb-4fdd-8746-74982aa74b28" isOneWay="false" action="http://speller.yandex.net/services/spellservice/checkTexts" name="checkTexts" bindingOperationName="checkTexts" type="Request-Response" inputName="" receivesAttachments="false" sendsAttachments="false" anonymous="optional"><con:settings/><con:call id="e45faa42-9f77-46e1-8b12-f1c39df65c78" name="Request 1"><con:settings/><con:encoding>UTF-8</con:encoding><con:endpoint>http://speller.yandex.net/services/spellservice</con:endpoint><con:request><![CDATA[<soap:Envelope xmlns:soap="http://www.w3.org/2003/05/soap-envelope" xmlns:spel="http://speller.yandex.net/services/spellservice">\r
   <soap:Header/>\r
   <soap:Body>\r
      <spel:CheckTextsRequest lang="?" options="0" format="">\r
         <!--Zero or more repetitions:-->\r
         <spel:text>?</spel:text>\r
      </spel:CheckTextsRequest>\r
   </soap:Body>\r
</soap:Envelope>]]></con:request><con:wsaConfig mustUnderstand="NONE" version="200508" action="http://speller.yandex.net/services/spellservice/SpellServiceSoap/checkTextsRequest"/></con:call></con:operation></con:interface><con:testSuite id="6e0d7baf-0b84-4019-8ded-56354a61acec" name="TestSuite_YANDEX_Spel"><con:settings/><con:runType>PARALLELL</con:runType><con:testCase id="12980693-5f4c-46ae-9111-a22adf4954f6" failOnError="true" failTestCaseOnErrors="true" keepSession="false" maxResults="0" name="Wrong_Spell" searchProperties="true"><con:settings/><con:testStep type="request" name="SOAP_Request_en_code_1" id="49289b90-0079-4a31-b88b-bb3f485e3851"><con:settings/><con:config xsi:type="con:RequestStep" xmlns:xsi="http://www.w3.org/2001/XMLSchema-instance"><con:interface>SpellServiceSoap12</con:interface><con:operation>checkText</con:operation><con:request name="SOAP_Request_en_code_1" id="101f6102-ad78-42f6-814e-e00d806559ee"><con:settings><con:setting id="com.eviware.soapui.impl.wsdl.WsdlRequest@request-headers">&lt;xml-fragment/></con:setting></con:settings><con:encoding>UTF-8</con:encoding><con:endpoint>http://speller.yandex.net/services/spellservice</con:endpoint><con:request><![CDATA[<soap:Envelope xmlns:soap="http://www.w3.org/2003/05/soap-envelope" xmlns:spel="http://speller.yandex.net/services/spellservice">\r
   <soap:Header/>\r
   <soap:Body>\r
      <spel:CheckTextRequest lang="en" options="14">\r
         <spel:text>hella</spel:text>\r
      </spel:CheckTextRequest>\r
   </soap:Body>\r
</soap:Envelope>]]></con:request><con:assertion type="SOAP Response" id="d3d3b1c4-272d-4f0f-91c1-5fed1998df70"/><con:assertion type="Schema Compliance" id="04dc6e57-8086-4321-b17e-2e4ad8e64759"><con:configuration/></con:assertion><con:assertion type="XPath Match" id="c47d4652-60d8-412e-8efc-484670e3b971" name="XPath Match"><con:configuration><path>declare namespace soap='http://www.w3.org/2003/05/soap-envelope';
declare namespace ns1='http://speller.yandex.net/services/spellservice';
//ns1:error[1]/@code</path><content>1</content><allowWildcards>false</allowWildcards><ignoreNamspaceDifferences>false</ignoreNamspaceDifferences><ignoreComments>false</ignoreComments></con:configuration></con:assertion><con:credentials><con:authType>No Authorization</con:authType></con:credentials><con:jmsConfig JMSDeliveryMode="PERSISTENT"/><con:jmsPropertyConfig/><con:wsaConfig mustUnderstand="NONE" version="200508"/><con:wsrmConfig version="1.2"/></con:request></con:config></con:testStep><con:testStep type="request" name="SOAP_Request_text_1_en" id="a638c13b-fb59-4841-93fd-5fe1e6845c56"><con:settings/><con:config xsi:type="con:RequestStep" xmlns:xsi="http://www.w3.org/2001/XMLSchema-instance"><con:interface>SpellServiceSoap12</con:interface><con:operation>checkText</con:operation><con:request name="SOAP_Request_text_1_en" id="101f6102-ad78-42f6-814e-e00d806559ee"><con:settings><con:setting id="com.eviware.soapui.impl.wsdl.WsdlRequest@request-headers">&lt;xml-fragment/></con:setting></con:settings><con:encoding>UTF-8</con:encoding><con:endpoint>http://speller.yandex.net/services/spellservice</con:endpoint><con:request><![CDATA[<soap:Envelope xmlns:soap="http://www.w3.org/2003/05/soap-envelope" xmlns:spel="http://speller.yandex.net/services/spellservice">\r
   <soap:Header/>\r
   <soap:Body>\r
      <spel:CheckTextRequest lang="en" options="14">\r
         <spel:text>hella</spel:text>\r
      </spel:CheckTextRequest>\r
   </soap:Body>\r
</soap:Envelope>]]></con:request><con:assertion type="SOAP Response" id="d3d3b1c4-272d-4f0f-91c1-5fed1998df70"/><con:assertion type="Schema Compliance" id="04dc6e57-8086-4321-b17e-2e4ad8e64759"><con:configuration/></con:assertion><con:assertion type="XPath Match" id="c47d4652-60d8-412e-8efc-484670e3b971" name="XPath text_&lt;s>"><con:configuration><path>declare namespace soap='http://www.w3.org/2003/05/soap-envelope';
declare namespace ns1='http://speller.yandex.net/services/spellservice';


//ns1:s</path><content>hello</content><allowWildcards>false</allowWildcards><ignoreNamspaceDifferences>false</ignoreNamspaceDifferences><ignoreComments>false</ignoreComments></con:configuration></con:assertion><con:credentials><con:authType>No Authorization</con:authType></con:credentials><con:jmsConfig JMSDeliveryMode="PERSISTENT"/><con:jmsPropertyConfig/><con:wsaConfig mustUnderstand="NONE" version="200508"/><con:wsrmConfig version="1.2"/></con:request></con:config></con:testStep><con:testStep type="request" name="SOAP_Request_en_code_2" id="530be7b2-fc0e-4bdc-a8db-a985a5fbd83a"><con:settings/><con:config xsi:type="con:RequestStep" xmlns:xsi="http://www.w3.org/2001/XMLSchema-instance"><con:interface>SpellServiceSoap12</con:interface><con:operation>checkText</con:operation><con:request name="SOAP_Request_en_code_2" id="101f6102-ad78-42f6-814e-e00d806559ee"><con:settings><con:setting id="com.eviware.soapui.impl.wsdl.WsdlRequest@request-headers">&lt;xml-fragment/></con:setting></con:settings><con:encoding>UTF-8</con:encoding><con:endpoint>http://speller.yandex.net/services/spellservice</con:endpoint><con:request><![CDATA[<soap:Envelope xmlns:soap="http://www.w3.org/2003/05/soap-envelope" xmlns:spel="http://speller.yandex.net/services/spellservice">\r
   <soap:Header/>\r
   <soap:Body>\r
      <spel:CheckTextRequest lang="en" options="14">\r
         <spel:text>ruzer ruzer</spel:text>\r
      </spel:CheckTextRequest>\r
   </soap:Body>\r
</soap:Envelope>]]></con:request><con:assertion type="SOAP Response" id="d3d3b1c4-272d-4f0f-91c1-5fed1998df70"/><con:assertion type="Schema Compliance" id="04dc6e57-8086-4321-b17e-2e4ad8e64759"><con:configuration/></con:assertion><con:assertion type="XPath Match" id="c47d4652-60d8-412e-8efc-484670e3b971" name="XPath error_1"><con:configuration><path>declare namespace soap='http://www.w3.org/2003/05/soap-envelope';
declare namespace ns1='http://speller.yandex.net/services/spellservice';
//ns1:error[1]/@code</path><content>1</content><allowWildcards>false</allowWildcards><ignoreNamspaceDifferences>false</ignoreNamspaceDifferences><ignoreComments>false</ignoreComments></con:configuration></con:assertion><con:assertion type="XPath Match" id="c47d4652-60d8-412e-8efc-484670e3b971" name="XPath error_2"><con:configuration><path>declare namespace soap='http://www.w3.org/2003/05/soap-envelope';
declare namespace ns1='http://speller.yandex.net/services/spellservice';
//ns1:error[2]/@code</path><content>2</content><allowWildcards>false</allowWildcards><ignoreNamspaceDifferences>false</ignoreNamspaceDifferences><ignoreComments>false</ignoreComments></con:configuration></con:assertion><con:credentials><con:authType>No Authorization</con:authType></con:credentials><con:jmsConfig JMSDeliveryMode="PERSISTENT"/><con:jmsPropertyConfig/><con:wsaConfig mustUnderstand="NONE" version="200508"/><con:wsrmConfig version="1.2"/></con:request></con:config></con:testStep><con:testStep type="request" name="SOAP_Request_text_2_en" id="a11a84a0-7ee6-4789-b757-76fb36aef4b4"><con:settings/><con:config xsi:type="con:RequestStep" xmlns:xsi="http://www.w3.org/2001/XMLSchema-instance"><con:interface>SpellServiceSoap12</con:interface><con:operation>checkText</con:operation><con:request name="SOAP_Request_text_2_en" id="101f6102-ad78-42f6-814e-e00d806559ee"><con:settings><con:setting id="com.eviware.soapui.impl.wsdl.WsdlRequest@request-headers">&lt;xml-fragment/></con:setting></con:settings><con:encoding>UTF-8</con:encoding><con:endpoint>http://speller.yandex.net/services/spellservice</con:endpoint><con:request><![CDATA[<soap:Envelope xmlns:soap="http://www.w3.org/2003/05/soap-envelope" xmlns:spel="http://speller.yandex.net/services/spellservice">\r
   <soap:Header/>\r
   <soap:Body>\r
      <spel:CheckTextRequest lang="en" options="14">\r
         <spel:text>ruzer ruzer</spel:text>\r
      </spel:CheckTextRequest>\r
   </soap:Body>\r
</soap:Envelope>]]></con:request><con:assertion type="SOAP Response" id="d3d3b1c4-272d-4f0f-91c1-5fed1998df70"/><con:assertion type="Schema Compliance" id="04dc6e57-8086-4321-b17e-2e4ad8e64759"><con:configuration/></con:assertion><con:assertion type="XPath Match" id="c47d4652-60d8-412e-8efc-484670e3b971" name="XPath text_&lt;word>"><con:configuration><path>declare namespace soap='http://www.w3.org/2003/05/soap-envelope';
declare namespace ns1='http://speller.yandex.net/services/spellservice';
//ns1:SpellResult/ns1:error[2]/ns1:word</path><content>ruzer</content><allowWildcards>false</allowWildcards><ignoreNamspaceDifferences>false</ignoreNamspaceDifferences><ignoreComments>false</ignoreComments></con:configuration></con:assertion><con:assertion type="XPath Match" id="c47d4652-60d8-412e-8efc-484670e3b971" name="XPath text_&lt;s>"><con:configuration><path>declare namespace soap='http://www.w3.org/2003/05/soap-envelope';
declare namespace ns1='http://speller.yandex.net/services/spellservice';
//ns1:SpellResult/ns1:error[1]/ns1:s</path><content>Razer</content><allowWildcards>false</allowWildcards><ignoreNamspaceDifferences>false</ignoreNamspaceDifferences><ignoreComments>false</ignoreComments></con:configuration></con:assertion><con:credentials><con:authType>No Authorization</con:authType></con:credentials><con:jmsConfig JMSDeliveryMode="PERSISTENT"/><con:jmsPropertyConfig/><con:wsaConfig mustUnderstand="NONE" version="200508"/><con:wsrmConfig version="1.2"/></con:request></con:config></con:testStep><con:testStep type="request" name="SOAP_Request_en_code_3" id="fb65f4ab-1077-406a-978e-5597d7eeb713"><con:settings/><con:config xsi:type="con:RequestStep" xmlns:xsi="http://www.w3.org/2001/XMLSchema-instance"><con:interface>SpellServiceSoap12</con:interface><con:operation>checkText</con:operation><con:request name="SOAP_Request_en_code_3" id="101f6102-ad78-42f6-814e-e00d806559ee"><con:settings><con:setting id="com.eviware.soapui.impl.wsdl.WsdlRequest@request-headers">&lt;xml-fragment/></con:setting></con:settings><con:encoding>UTF-8</con:encoding><con:endpoint>http://speller.yandex.net/services/spellservice</con:endpoint><con:request><![CDATA[<soap:Envelope xmlns:soap="http://www.w3.org/2003/05/soap-envelope" xmlns:spel="http://speller.yandex.net/services/spellservice">\r
   <soap:Header/>\r
   <soap:Body>\r
      <spel:CheckTextRequest lang="en" options="3">\r
         <spel:text>BaD HaBit Helo</spel:text>\r
      </spel:CheckTextRequest>\r
   </soap:Body>\r
</soap:Envelope>]]></con:request><con:assertion type="SOAP Response" id="d3d3b1c4-272d-4f0f-91c1-5fed1998df70"/><con:assertion type="Schema Compliance" id="04dc6e57-8086-4321-b17e-2e4ad8e64759"><con:configuration/></con:assertion><con:assertion type="XPath Match" id="c47d4652-60d8-412e-8efc-484670e3b971" name="XPath error_1"><con:configuration><path>declare namespace soap='http://www.w3.org/2003/05/soap-envelope';
declare namespace ns1='http://speller.yandex.net/services/spellservice';
//ns1:error[1]/@code</path><content>3</content><allowWildcards>false</allowWildcards><ignoreNamspaceDifferences>false</ignoreNamspaceDifferences><ignoreComments>false</ignoreComments></con:configuration></con:assertion><con:assertion type="XPath Match" id="c47d4652-60d8-412e-8efc-484670e3b971" name="XPath error_2"><con:configuration><path>declare namespace soap='http://www.w3.org/2003/05/soap-envelope';
declare namespace ns1='http://speller.yandex.net/services/spellservice';
//ns1:error[2]/@code</path><content>3</content><allowWildcards>false</allowWildcards><ignoreNamspaceDifferences>false</ignoreNamspaceDifferences><ignoreComments>false</ignoreComments></con:configuration></con:assertion><con:assertion type="XPath Match" id="c47d4652-60d8-412e-8efc-484670e3b971" name="XPath error_3"><con:configuration><path>declare namespace soap='http://www.w3.org/2003/05/soap-envelope';
declare namespace ns1='http://speller.yandex.net/services/spellservice';
//ns1:error[3]/@code</path><content>1</content><allowWildcards>false</allowWildcards><ignoreNamspaceDifferences>false</ignoreNamspaceDifferences><ignoreComments>false</ignoreComments></con:configuration></con:assertion><con:credentials><con:authType>No Authorization</con:authType></con:credentials><con:jmsConfig JMSDeliveryMode="PERSISTENT"/><con:jmsPropertyConfig/><con:wsaConfig mustUnderstand="NONE" version="200508"/><con:wsrmConfig version="1.2"/></con:request></con:config></con:testStep><con:testStep type="request" name="SOAP_Request_text_en_3" id="576f0f1b-a2d5-4af4-a15a-32a72d25cf37"><con:settings/><con:config xsi:type="con:RequestStep" xmlns:xsi="http://www.w3.org/2001/XMLSchema-instance"><con:interface>SpellServiceSoap12</con:interface><con:operation>checkText</con:operation><con:request name="SOAP_Request_text_en_3" id="101f6102-ad78-42f6-814e-e00d806559ee"><con:settings><con:setting id="com.eviware.soapui.impl.wsdl.WsdlRequest@request-headers">&lt;xml-fragment/></con:setting></con:settings><con:encoding>UTF-8</con:encoding><con:endpoint>http://speller.yandex.net/services/spellservice</con:endpoint><con:request><![CDATA[<soap:Envelope xmlns:soap="http://www.w3.org/2003/05/soap-envelope" xmlns:spel="http://speller.yandex.net/services/spellservice">\r
   <soap:Header/>\r
   <soap:Body>\r
      <spel:CheckTextRequest lang="en" options="14">\r
         <spel:text>BaD HaBit</spel:text>\r
      </spel:CheckTextRequest>\r
   </soap:Body>\r
</soap:Envelope>]]></con:request><con:assertion type="SOAP Response" id="d3d3b1c4-272d-4f0f-91c1-5fed1998df70"/><con:assertion type="Schema Compliance" id="04dc6e57-8086-4321-b17e-2e4ad8e64759"><con:configuration/></con:assertion><con:assertion type="XPath Match" id="c47d4652-60d8-412e-8efc-484670e3b971" name="XPath text_&lt;s>_1"><con:configuration><path>declare namespace soap='http://www.w3.org/2003/05/soap-envelope';
declare namespace ns1='http://speller.yandex.net/services/spellservice';

//ns1:SpellResult/ns1:error[1]/ns1:s</path><content>Bad</content><allowWildcards>false</allowWildcards><ignoreNamspaceDifferences>false</ignoreNamspaceDifferences><ignoreComments>false</ignoreComments></con:configuration></con:assertion><con:assertion type="XPath Match" id="c47d4652-60d8-412e-8efc-484670e3b971" name="XPath text_&lt;s>_2"><con:configuration><path>declare namespace soap='http://www.w3.org/2003/05/soap-envelope';
declare namespace ns1='http://speller.yandex.net/services/spellservice';

//ns1:SpellResult/ns1:error[2]/ns1:s</path><content>Habit</content><allowWildcards>false</allowWildcards><ignoreNamspaceDifferences>false</ignoreNamspaceDifferences><ignoreComments>false</ignoreComments></con:configuration></con:assertion><con:credentials><con:authType>No Authorization</con:authType></con:credentials><con:jmsConfig JMSDeliveryMode="PERSISTENT"/><con:jmsPropertyConfig/><con:wsaConfig mustUnderstand="NONE" version="200508"/><con:wsrmConfig version="1.2"/></con:request></con:config></con:testStep><con:testStep type="request" name="SOAP_Request_ru_code_1" id="6682fec3-e9e9-4943-9666-d1847661a615"><con:settings/><con:config xsi:type="con:RequestStep" xmlns:xsi="http://www.w3.org/2001/XMLSchema-instance"><con:interface>SpellServiceSoap12</con:interface><con:operation>checkText</con:operation><con:request name="SOAP_Request_ru_code_1" id="101f6102-ad78-42f6-814e-e00d806559ee"><con:settings><con:setting id="com.eviware.soapui.impl.wsdl.WsdlRequest@request-headers">&lt;xml-fragment/></con:setting></con:settings><con:encoding>UTF-8</con:encoding><con:endpoint>http://speller.yandex.net/services/spellservice</con:endpoint><con:request><![CDATA[<soap:Envelope xmlns:soap="http://www.w3.org/2003/05/soap-envelope" xmlns:spel="http://speller.yandex.net/services/spellservice">\r
   <soap:Header/>\r
   <soap:Body>\r
      <spel:CheckTextRequest lang="ru" options="14">\r
         <spel:text>Врадныя превычка</spel:text>\r
      </spel:CheckTextRequest>\r
   </soap:Body>\r
</soap:Envelope>]]></con:request><con:assertion type="SOAP Response" id="d3d3b1c4-272d-4f0f-91c1-5fed1998df70"/><con:assertion type="Schema Compliance" id="04dc6e57-8086-4321-b17e-2e4ad8e64759"><con:configuration/></con:assertion><con:assertion type="XPath Match" id="423903ed-c822-429c-9dd8-159942d77ffc" name="XPath error_1"><con:configuration><path>declare namespace ns1='http://speller.yandex.net/services/spellservice';
declare namespace soap='http://www.w3.org/2003/05/soap-envelope';
//ns1:error[1]/@code</path><content>1</content><allowWildcards>false</allowWildcards><ignoreNamspaceDifferences>false</ignoreNamspaceDifferences><ignoreComments>false</ignoreComments></con:configuration></con:assertion><con:assertion type="XPath Match" id="423903ed-c822-429c-9dd8-159942d77ffc" name="XPath error_2"><con:configuration><path>declare namespace ns1='http://speller.yandex.net/services/spellservice';
declare namespace soap='http://www.w3.org/2003/05/soap-envelope';
//ns1:error[2]/@code</path><content>1</content><allowWildcards>false</allowWildcards><ignoreNamspaceDifferences>false</ignoreNamspaceDifferences><ignoreComments>false</ignoreComments></con:configuration></con:assertion><con:credentials><con:authType>No Authorization</con:authType></con:credentials><con:jmsConfig JMSDeliveryMode="PERSISTENT"/><con:jmsPropertyConfig/><con:wsaConfig mustUnderstand="NONE" version="200508"/><con:wsrmConfig version="1.2"/></con:request></con:config></con:testStep><con:testStep type="request" name="SOAP_Request_ru_text_1" id="1f295bf6-d653-4402-a3a8-50da619cd253"><con:settings/><con:config xsi:type="con:RequestStep" xmlns:xsi="http://www.w3.org/2001/XMLSchema-instance"><con:interface>SpellServiceSoap12</con:interface><con:operation>checkText</con:operation><con:request name="SOAP_Request_ru_text_1" id="101f6102-ad78-42f6-814e-e00d806559ee"><con:settings><con:setting id="com.eviware.soapui.impl.wsdl.WsdlRequest@request-headers">&lt;xml-fragment/></con:setting></con:settings><con:encoding>UTF-8</con:encoding><con:endpoint>http://speller.yandex.net/services/spellservice</con:endpoint><con:request><![CDATA[<soap:Envelope xmlns:soap="http://www.w3.org/2003/05/soap-envelope" xmlns:spel="http://speller.yandex.net/services/spellservice">\r
   <soap:Header/>\r
   <soap:Body>\r
      <spel:CheckTextRequest lang="ru" options="14">\r
         <spel:text>Врадныя превычка</spel:text>\r
      </spel:CheckTextRequest>\r
   </soap:Body>\r
</soap:Envelope>]]></con:request><con:assertion type="SOAP Response" id="d3d3b1c4-272d-4f0f-91c1-5fed1998df70"/><con:assertion type="Schema Compliance" id="04dc6e57-8086-4321-b17e-2e4ad8e64759"><con:configuration/></con:assertion><con:assertion type="XPath Match" id="423903ed-c822-429c-9dd8-159942d77ffc" name="XPath text_&lt;s>_1"><con:configuration><path>declare namespace ns1='http://speller.yandex.net/services/spellservice';
declare namespace soap='http://www.w3.org/2003/05/soap-envelope';
//ns1:SpellResult/ns1:error[1]/ns1:s</path><content>Вредные</content><allowWildcards>false</allowWildcards><ignoreNamspaceDifferences>false</ignoreNamspaceDifferences><ignoreComments>false</ignoreComments></con:configuration></con:assertion><con:assertion type="XPath Match" id="423903ed-c822-429c-9dd8-159942d77ffc" name="XPath text_&lt;s>_2"><con:configuration><path>declare namespace ns1='http://speller.yandex.net/services/spellservice';
declare namespace soap='http://www.w3.org/2003/05/soap-envelope';
//ns1:SpellResult/ns1:error[2]/ns1:s</path><content>привычка</content><allowWildcards>false</allowWildcards><ignoreNamspaceDifferences>false</ignoreNamspaceDifferences><ignoreComments>false</ignoreComments></con:configuration></con:assertion><con:credentials><con:authType>No Authorization</con:authType></con:credentials><con:jmsConfig JMSDeliveryMode="PERSISTENT"/><con:jmsPropertyConfig/><con:wsaConfig mustUnderstand="NONE" version="200508"/><con:wsrmConfig version="1.2"/></con:request></con:config></con:testStep><con:testStep type="request" name="SOAP_Request_ru_code_2" id="68584715-805c-4394-b16e-1c6adb2381a3"><con:settings/><con:config xsi:type="con:RequestStep" xmlns:xsi="http://www.w3.org/2001/XMLSchema-instance"><con:interface>SpellServiceSoap12</con:interface><con:operation>checkText</con:operation><con:request name="SOAP_Request_ru_code_2" id="101f6102-ad78-42f6-814e-e00d806559ee"><con:settings><con:setting id="com.eviware.soapui.impl.wsdl.WsdlRequest@request-headers">&lt;xml-fragment/></con:setting></con:settings><con:encoding>UTF-8</con:encoding><con:endpoint>http://speller.yandex.net/services/spellservice</con:endpoint><con:request><![CDATA[<soap:Envelope xmlns:soap="http://www.w3.org/2003/05/soap-envelope" xmlns:spel="http://speller.yandex.net/services/spellservice">\r
   <soap:Header/>\r
   <soap:Body>\r
      <spel:CheckTextRequest lang="ru" options="14">\r
         <spel:text>Врадныя Врадныя превычка</spel:text>\r
      </spel:CheckTextRequest>\r
   </soap:Body>\r
</soap:Envelope>]]></con:request><con:assertion type="SOAP Response" id="d3d3b1c4-272d-4f0f-91c1-5fed1998df70"/><con:assertion type="Schema Compliance" id="04dc6e57-8086-4321-b17e-2e4ad8e64759"><con:configuration/></con:assertion><con:assertion type="XPath Match" id="423903ed-c822-429c-9dd8-159942d77ffc" name="XPath error_1"><con:configuration><path>declare namespace ns1='http://speller.yandex.net/services/spellservice';
declare namespace soap='http://www.w3.org/2003/05/soap-envelope';
//ns1:error[1]/@code</path><content>1</content><allowWildcards>false</allowWildcards><ignoreNamspaceDifferences>false</ignoreNamspaceDifferences><ignoreComments>false</ignoreComments></con:configuration></con:assertion><con:assertion type="XPath Match" id="423903ed-c822-429c-9dd8-159942d77ffc" name="XPath error_2"><con:configuration><path>declare namespace ns1='http://speller.yandex.net/services/spellservice';
declare namespace soap='http://www.w3.org/2003/05/soap-envelope';
//ns1:error[2]/@code</path><content>2</content><allowWildcards>false</allowWildcards><ignoreNamspaceDifferences>false</ignoreNamspaceDifferences><ignoreComments>false</ignoreComments></con:configuration></con:assertion><con:assertion type="XPath Match" id="423903ed-c822-429c-9dd8-159942d77ffc" name="XPath error_3"><con:configuration><path>declare namespace ns1='http://speller.yandex.net/services/spellservice';
declare namespace soap='http://www.w3.org/2003/05/soap-envelope';
//ns1:error[3]/@code</path><content>1</content><allowWildcards>false</allowWildcards><ignoreNamspaceDifferences>false</ignoreNamspaceDifferences><ignoreComments>false</ignoreComments></con:configuration></con:assertion><con:credentials><con:authType>No Authorization</con:authType></con:credentials><con:jmsConfig JMSDeliveryMode="PERSISTENT"/><con:jmsPropertyConfig/><con:wsaConfig mustUnderstand="NONE" version="200508"/><con:wsrmConfig version="1.2"/></con:request></con:config></con:testStep><con:testStep type="request" name="SOAP_Request_ru_text_2" id="61cc6ee5-37f4-4c61-88c4-28752a711f8a"><con:settings/><con:config xsi:type="con:RequestStep" xmlns:xsi="http://www.w3.org/2001/XMLSchema-instance"><con:interface>SpellServiceSoap12</con:interface><con:operation>checkText</con:operation><con:request name="SOAP_Request_ru_text_2" id="101f6102-ad78-42f6-814e-e00d806559ee"><con:settings><con:setting id="com.eviware.soapui.impl.wsdl.WsdlRequest@request-headers">&lt;xml-fragment/></con:setting></con:settings><con:encoding>UTF-8</con:encoding><con:endpoint>http://speller.yandex.net/services/spellservice</con:endpoint><con:request><![CDATA[<soap:Envelope xmlns:soap="http://www.w3.org/2003/05/soap-envelope" xmlns:spel="http://speller.yandex.net/services/spellservice">\r
   <soap:Header/>\r
   <soap:Body>\r
      <spel:CheckTextRequest lang="ru" options="14">\r
         <spel:text>Врадныя Врадныя превычка</spel:text>\r
      </spel:CheckTextRequest>\r
   </soap:Body>\r
</soap:Envelope>]]></con:request><con:assertion type="SOAP Response" id="d3d3b1c4-272d-4f0f-91c1-5fed1998df70"/><con:assertion type="Schema Compliance" id="04dc6e57-8086-4321-b17e-2e4ad8e64759"><con:configuration/></con:assertion><con:assertion type="XPath Match" id="423903ed-c822-429c-9dd8-159942d77ffc" name="XPath text_&lt;s>_1"><con:configuration><path>declare namespace ns1='http://speller.yandex.net/services/spellservice';
declare namespace soap='http://www.w3.org/2003/05/soap-envelope';
//ns1:SpellResult/ns1:error[1]/ns1:s</path><content>Вредные</content><allowWildcards>false</allowWildcards><ignoreNamspaceDifferences>false</ignoreNamspaceDifferences><ignoreComments>false</ignoreComments></con:configuration></con:assertion><con:assertion type="XPath Match" id="423903ed-c822-429c-9dd8-159942d77ffc" name="XPath text_&lt;word>_2"><con:configuration><path>declare namespace ns1='http://speller.yandex.net/services/spellservice';
declare namespace soap='http://www.w3.org/2003/05/soap-envelope';
//ns1:SpellResult/ns1:error[2]/ns1:word</path><content>Врадныя</content><allowWildcards>false</allowWildcards><ignoreNamspaceDifferences>false</ignoreNamspaceDifferences><ignoreComments>false</ignoreComments></con:configuration></con:assertion><con:assertion type="XPath Match" id="423903ed-c822-429c-9dd8-159942d77ffc" name="XPath text_&lt;s>_3"><con:configuration><path>declare namespace ns1='http://speller.yandex.net/services/spellservice';
declare namespace soap='http://www.w3.org/2003/05/soap-envelope';
//ns1:SpellResult/ns1:error[3]/ns1:s</path><content>привычка</content><allowWildcards>false</allowWildcards><ignoreNamspaceDifferences>false</ignoreNamspaceDifferences><ignoreComments>false</ignoreComments></con:configuration></con:assertion><con:credentials><con:authType>No Authorization</con:authType></con:credentials><con:jmsConfig JMSDeliveryMode="PERSISTENT"/><con:jmsPropertyConfig/><con:wsaConfig mustUnderstand="NONE" version="200508"/><con:wsrmConfig version="1.2"/></con:request></con:config></con:testStep><con:testStep type="request" name="SOAP_Request_ru_code_3" id="b73713ca-96a6-41ed-832f-220e433fe406"><con:settings/><con:config xsi:type="con:RequestStep" xmlns:xsi="http://www.w3.org/2001/XMLSchema-instance"><con:interface>SpellServiceSoap12</con:interface><con:operation>checkText</con:operation><con:request name="SOAP_Request_ru_code_3" id="101f6102-ad78-42f6-814e-e00d806559ee"><con:settings><con:setting id="com.eviware.soapui.impl.wsdl.WsdlRequest@request-headers">&lt;xml-fragment/></con:setting></con:settings><con:encoding>UTF-8</con:encoding><con:endpoint>http://speller.yandex.net/services/spellservice</con:endpoint><con:request><![CDATA[<soap:Envelope xmlns:soap="http://www.w3.org/2003/05/soap-envelope" xmlns:spel="http://speller.yandex.net/services/spellservice">\r
   <soap:Header/>\r
   <soap:Body>\r
      <spel:CheckTextRequest lang="ru" options="14">\r
         <spel:text>ВоПрОс ВоПрОс</spel:text>\r
      </spel:CheckTextRequest>\r
   </soap:Body>\r
</soap:Envelope>]]></con:request><con:assertion type="SOAP Response" id="d3d3b1c4-272d-4f0f-91c1-5fed1998df70"/><con:assertion type="Schema Compliance" id="04dc6e57-8086-4321-b17e-2e4ad8e64759"><con:configuration/></con:assertion><con:assertion type="XPath Match" id="423903ed-c822-429c-9dd8-159942d77ffc" name="XPath error_1"><con:configuration><path>declare namespace ns1='http://speller.yandex.net/services/spellservice';
declare namespace soap='http://www.w3.org/2003/05/soap-envelope';
//ns1:error[1]/@code</path><content>3</content><allowWildcards>false</allowWildcards><ignoreNamspaceDifferences>false</ignoreNamspaceDifferences><ignoreComments>false</ignoreComments></con:configuration></con:assertion><con:assertion type="XPath Match" id="423903ed-c822-429c-9dd8-159942d77ffc" name="XPath error_2"><con:configuration><path>declare namespace ns1='http://speller.yandex.net/services/spellservice';
declare namespace soap='http://www.w3.org/2003/05/soap-envelope';
//ns1:error[2]/@code</path><content>2</content><allowWildcards>false</allowWildcards><ignoreNamspaceDifferences>false</ignoreNamspaceDifferences><ignoreComments>false</ignoreComments></con:configuration></con:assertion><con:credentials><con:authType>No Authorization</con:authType></con:credentials><con:jmsConfig JMSDeliveryMode="PERSISTENT"/><con:jmsPropertyConfig/><con:wsaConfig mustUnderstand="NONE" version="200508"/><con:wsrmConfig version="1.2"/></con:request></con:config></con:testStep><con:testStep type="request" name="SOAP_Request_ru_text_3" id="216d2ae2-209a-403d-b1dd-589cfff386b5"><con:settings/><con:config xsi:type="con:RequestStep" xmlns:xsi="http://www.w3.org/2001/XMLSchema-instance"><con:interface>SpellServiceSoap12</con:interface><con:operation>checkText</con:operation><con:request name="SOAP_Request_ru_text_3" id="101f6102-ad78-42f6-814e-e00d806559ee"><con:settings><con:setting id="com.eviware.soapui.impl.wsdl.WsdlRequest@request-headers">&lt;xml-fragment/></con:setting></con:settings><con:encoding>UTF-8</con:encoding><con:endpoint>http://speller.yandex.net/services/spellservice</con:endpoint><con:request><![CDATA[<soap:Envelope xmlns:soap="http://www.w3.org/2003/05/soap-envelope" xmlns:spel="http://speller.yandex.net/services/spellservice">\r
   <soap:Header/>\r
   <soap:Body>\r
      <spel:CheckTextRequest lang="ru" options="14">\r
         <spel:text>ВоПрОс ВоПрОс</spel:text>\r
      </spel:CheckTextRequest>\r
   </soap:Body>\r
</soap:Envelope>]]></con:request><con:assertion type="SOAP Response" id="d3d3b1c4-272d-4f0f-91c1-5fed1998df70"/><con:assertion type="Schema Compliance" id="04dc6e57-8086-4321-b17e-2e4ad8e64759"><con:configuration/></con:assertion><con:assertion type="XPath Match" id="423903ed-c822-429c-9dd8-159942d77ffc" name="XPath text_&lt;s>_1"><con:configuration><path>declare namespace ns1='http://speller.yandex.net/services/spellservice';
declare namespace soap='http://www.w3.org/2003/05/soap-envelope';
//ns1:error[1]/ns1:s</path><content>Вопрос</content><allowWildcards>false</allowWildcards><ignoreNamspaceDifferences>false</ignoreNamspaceDifferences><ignoreComments>false</ignoreComments></con:configuration></con:assertion><con:assertion type="XPath Match" id="423903ed-c822-429c-9dd8-159942d77ffc" name="XPath text_&lt;word>"><con:configuration><path>declare namespace ns1='http://speller.yandex.net/services/spellservice';
declare namespace soap='http://www.w3.org/2003/05/soap-envelope';
//ns1:error[2]/ns1:word</path><content>ВоПрОс</content><allowWildcards>false</allowWildcards><ignoreNamspaceDifferences>false</ignoreNamspaceDifferences><ignoreComments>false</ignoreComments></con:configuration></con:assertion><con:credentials><con:authType>No Authorization</con:authType></con:credentials><con:jmsConfig JMSDeliveryMode="PERSISTENT"/><con:jmsPropertyConfig/><con:wsaConfig mustUnderstand="NONE" version="200508"/><con:wsrmConfig version="1.2"/></con:request></con:config></con:testStep><con:properties/></con:testCase><con:testCase id="79fd4c6e-fe5d-4024-b6fe-720fe13fcacc" failOnError="true" failTestCaseOnErrors="true" keepSession="false" maxResults="0" name="Mock_ru" searchProperties="true"><con:settings/><con:testStep type="request" id="ec47b665-c4ff-4877-8877-dcfa71bc8c20" name="checkText - New_mock_ya_req"><con:settings/><con:config xsi:type="con:RequestStep" xmlns:xsi="http://www.w3.org/2001/XMLSchema-instance"><con:interface>SpellServiceSoap12</con:interface><con:operation>checkText</con:operation><con:request name="checkText - New_mock_ya_req" outgoingWss="" incomingWss="" timeout="" sslKeystore="" useWsAddressing="false" useWsReliableMessaging="false" wssPasswordType="" id="9f4ee00d-2b73-4429-a1e0-c409f0243dba"><con:settings><con:setting id="com.eviware.soapui.impl.wsdl.WsdlRequest@request-headers">&lt;xml-fragment/></con:setting></con:settings><con:encoding>UTF-8</con:encoding><con:endpoint>http://LAPTOP-TO4BLV02:8080</con:endpoint><con:request><![CDATA[<soap:Envelope xmlns:soap="http://www.w3.org/2003/05/soap-envelope" xmlns:spel="http://speller.yandex.net/services/spellservice">
   <soap:Header/>
   <soap:Body>
      <spel:CheckTextRequest lang="ru" options="14" format="">
         <spel:text>полылка</spel:text>
      </spel:CheckTextRequest>
   </soap:Body>
</soap:Envelope>]]></con:request><con:assertion type="SOAP Response" id="859495be-61fa-4979-a4ff-0af8fb3ba09d" name="SOAP Response"/><con:assertion type="Schema Compliance" id="aeb7d2ed-25c2-4e5a-9dfe-16e576f94aba" name="Schema Compliance"><con:configuration/></con:assertion><con:credentials><con:authType>No Authorization</con:authType></con:credentials><con:jmsConfig JMSDeliveryMode="PERSISTENT"/><con:jmsPropertyConfig/><con:wsaConfig mustUnderstand="NONE" version="200508" action="http://speller.yandex.net/services/spellservice/SpellServiceSoap/checkTextRequest"/><con:wsrmConfig version="1.2"/></con:request></con:config></con:testStep><con:testStep type="request" id="53756973-aed2-486e-95e3-3db78c8c7e4d" name="checkText - Req_2"><con:settings/><con:config xsi:type="con:RequestStep" xmlns:xsi="http://www.w3.org/2001/XMLSchema-instance"><con:interface>SpellServiceSoap12</con:interface><con:operation>checkText</con:operation><con:request name="checkText - Req_2" outgoingWss="" incomingWss="" timeout="" sslKeystore="" useWsAddressing="false" useWsReliableMessaging="false" wssPasswordType="" id="a801a78f-8b85-4f0a-aa80-8cfd2737e009"><con:settings/><con:encoding>UTF-8</con:encoding><con:endpoint>http://LAPTOP-TO4BLV02:8080/123/</con:endpoint><con:request><![CDATA[<soap:Envelope xmlns:soap="http://www.w3.org/2003/05/soap-envelope" xmlns:spel="http://speller.yandex.net/services/spellservice">
   <soap:Header/>
   <soap:Body>
      <spel:CheckTextRequest lang="ru" options="14" format="">
         <spel:text>про</spel:text>
      </spel:CheckTextRequest>
   </soap:Body>
</soap:Envelope>]]></con:request><con:assertion type="SOAP Response" id="881088a7-6dae-4c13-ae6c-d797194030d9" name="SOAP Response"/><con:assertion type="Schema Compliance" id="310bcf48-1232-457d-838c-e4fe1cf71570" name="Schema Compliance"><con:configuration/></con:assertion><con:credentials><con:authType>No Authorization</con:authType></con:credentials><con:jmsConfig JMSDeliveryMode="PERSISTENT"/><con:jmsPropertyConfig/><con:wsaConfig mustUnderstand="NONE" version="200508" action="http://speller.yandex.net/services/spellservice/SpellServiceSoap/checkTextRequest"/><con:wsrmConfig version="1.2"/></con:request></con:config></con:testStep><con:properties/></con:testCase><con:testCase id="532d8b4c-c00d-48f7-98a5-c44a3527cb42" failOnError="true" failTestCaseOnErrors="true" keepSession="false" maxResults="0" name="Mock_EN" searchProperties="true"><con:settings/><con:testStep type="request" id="c3be4b57-1913-4bf6-ab23-afecf76c9041" name="checkText - Req_en_1"><con:settings/><con:config xsi:type="con:RequestStep" xmlns:xsi="http://www.w3.org/2001/XMLSchema-instance"><con:interface>SpellServiceSoap12</con:interface><con:operation>checkText</con:operation><con:request name="checkText - Req_en_1" outgoingWss="" incomingWss="" timeout="" sslKeystore="" useWsAddressing="false" useWsReliableMessaging="false" wssPasswordType="" id="0ee12b5c-bd57-4d90-9be0-c60cf4c9927e"><con:settings/><con:encoding>UTF-8</con:encoding><con:endpoint>http://LAPTOP-TO4BLV02:8080/1234</con:endpoint><con:request><![CDATA[<soap:Envelope xmlns:soap="http://www.w3.org/2003/05/soap-envelope" xmlns:spel="http://speller.yandex.net/services/spellservice">
   <soap:Header/>
   <soap:Body>
      <spel:CheckTextRequest lang="ru" options="14" format="">
         <spel:text>Go awuy</spel:text>
      </spel:CheckTextRequest>
   </soap:Body>
</soap:Envelope>]]></con:request><con:assertion type="SOAP Response" id="77a30ffb-4551-45e9-a11c-e1f2edd3e035" name="SOAP Response"/><con:assertion type="Schema Compliance" id="36de63c5-c14a-4373-9bea-f85f70c4f15f" name="Schema Compliance"><con:configuration/></con:assertion><con:credentials><con:authType>No Authorization</con:authType></con:credentials><con:jmsConfig JMSDeliveryMode="PERSISTENT"/><con:jmsPropertyConfig/><con:wsaConfig mustUnderstand="NONE" version="200508" action="http://speller.yandex.net/services/spellservice/SpellServiceSoap/checkTextRequest"/><con:wsrmConfig version="1.2"/></con:request></con:config></con:testStep><con:properties/></con:testCase><con:properties/></con:testSuite><con:mockService id="b14cc1d6-7cfb-4444-9e3c-7f06e54a3fd4" port="8080" path="/" host="LAPTOP-TO4BLV02" name="Mock_ya_spell" bindToHostOnly="false" docroot=""><con:settings><con:setting id="com.eviware.soapui.impl.wsdl.mock.WsdlMockService@require-soap-action">false</con:setting></con:settings><con:properties/><con:mockOperation name="checkText" id="7f44c947-f327-46ed-aab2-5b4c2a10e4fe" interface="SpellServiceSoap12" operation="checkText"><con:settings/><con:defaultResponse>Response 1</con:defaultResponse><con:dispatchStyle>SEQUENCE</con:dispatchStyle><con:response name="Response 1" id="118a7b91-0ead-43c7-a70a-127304946c9f" httpResponseStatus="200" encoding="UTF-8"><con:settings/><con:responseContent><![CDATA[<soap:Envelope xmlns:soap="http://www.w3.org/2003/05/soap-envelope" xmlns:spel="http://speller.yandex.net/services/spellservice">
   <soap:Header/>
   <soap:Body>
      <spel:CheckTextResponse>
         <spel:SpellResult>
            <spel:error code="5" pos="0" row="0" col="0" len="0">
               <spel:word>ПроДукТы</spel:word>
               <spel:s>продукты</spel:s>
            </spel:error>
         </spel:SpellResult>
      </spel:CheckTextResponse>
   </soap:Body>
</soap:Envelope>]]></con:responseContent><con:wsaConfig mustUnderstand="NONE" version="200508" action="http://speller.yandex.net/services/spellservice/SpellServiceSoap/checkTextResponse"/></con:response><con:dispatchConfig/></con:mockOperation></con:mockService><con:mockService id="a54f6e38-3f1d-44f8-8e25-b92db7507873" port="8080" path="/123" host="LAPTOP-TO4BLV02" name="MockService 2" bindToHostOnly="false" docroot=""><con:settings><con:setting id="com.eviware.soapui.impl.wsdl.mock.WsdlMockService@require-soap-action">false</con:setting></con:settings><con:properties/><con:mockOperation name="checkText" id="07a6a868-8c19-4ac6-b3bd-0d56fa783fa4" interface="SpellServiceSoap12" operation="checkText"><con:settings/><con:defaultResponse>Response 1</con:defaultResponse><con:dispatchStyle>SEQUENCE</con:dispatchStyle><con:response name="Response 1" id="102f5b3e-12b1-4166-8b3b-3f4aedf04fa8" httpResponseStatus="200" encoding="UTF-8"><con:settings/><con:responseContent><![CDATA[<soap:Envelope xmlns:soap="http://www.w3.org/2003/05/soap-envelope" xmlns:spel="http://speller.yandex.net/services/spellservice">
   <soap:Header/>
   <soap:Body>
      <spel:CheckTextResponse>
         <spel:SpellResult>
           
            <spel:error code="55" pos="0" row="0" col="0" len="0">
               <spel:word>про_дукты</spel:word>
               <spel:s>?</spel:s>
            </spel:error>
         </spel:SpellResult>
      </spel:CheckTextResponse>
   </soap:Body>
</soap:Envelope>]]></con:responseContent><con:wsaConfig mustUnderstand="NONE" version="200508" action="http://speller.yandex.net/services/spellservice/SpellServiceSoap/checkTextResponse"/></con:response><con:dispatchConfig/></con:mockOperation></con:mockService><con:mockService port="8080" path="/1234" host="LAPTOP-TO4BLV02" name="MockService_en" bindToHostOnly="false" docroot="" id="05bdce3a-fa12-44d9-b271-b36237e573ac"><con:settings><con:setting id="com.eviware.soapui.impl.wsdl.mock.WsdlMockService@require-soap-action">false</con:setting></con:settings><con:properties/><con:mockOperation name="checkText" id="91f41f85-c915-4aa7-858b-d82019494564" interface="SpellServiceSoap12" operation="checkText"><con:settings/><con:defaultResponse>Response 1</con:defaultResponse><con:dispatchStyle>SEQUENCE</con:dispatchStyle><con:response name="Response 1" id="6da63a8f-409a-4838-9857-56148c5482e1" httpResponseStatus="200" encoding="UTF-8"><con:settings/><con:responseContent><![CDATA[<soap:Envelope xmlns:soap="http://www.w3.org/2003/05/soap-envelope" xmlns:spel="http://speller.yandex.net/services/spellservice">
   <soap:Header/>
   <soap:Body>
      <spel:CheckTextResponse>
         <spel:SpellResult>
           
            <spel:error code="100" pos="0" row="0" col="0" len="0">
               <spel:word>Go awuy</spel:word>
               <spel:s>go away</spel:s>
            </spel:error>
         </spel:SpellResult>
      </spel:CheckTextResponse>
   </soap:Body>
</soap:Envelope>]]></con:responseContent><con:wsaConfig mustUnderstand="NONE" version="200508" action="http://speller.yandex.net/services/spellservice/SpellServiceSoap/checkTextResponse"/></con:response><con:dispatchConfig/></con:mockOperation></con:mockService><con:properties/><con:wssContainer/><con:oAuth2ProfileContainer/><con:oAuth1ProfileContainer/><con:sensitiveInformation/></con:soapui-project>