{
	"info": {
		"_postman_id": "0883c44d-2369-48cb-ab21-d222572cd5ef",
		"name": "GB_HW9_Booking_serices_Subbotnikov.K.V",
		"schema": "https://schema.getpostman.com/json/collection/v2.1.0/collection.json"
	},
	"item": [
		{
			"name": "HealthCheck",
			"event": [
				{
					"listen": "test",
					"script": {
						"exec": [
							"pm.test(\"Status code is 201\", function () {\r",
							"    pm.response.to.have.status(201);\r",
							"});\r",
							"\r",
							""
						],
						"type": "text/javascript"
					}
				}
			],
			"request": {
				"method": "GET",
				"header": [],
				"url": {
					"raw": "https://restful-booker.herokuapp.com/ping",
					"protocol": "https",
					"host": [
						"restful-booker",
						"herokuapp",
						"com"
					],
					"path": [
						"ping"
					]
				}
			},
			"response": []
		},
		{
			"name": "CreateToken",
			"event": [
				{
					"listen": "test",
					"script": {
						"exec": [
							"pm.test(\"Status code is 200\", function () {\r",
							"    pm.response.to.have.status(200);\r",
							"});\r",
							"\r",
							"\r",
							"var jsonData = pm.response.json();\r",
							"pm.collectionVariables.set(\"Token\", jsonData.token);\r",
							"\r",
							""
						],
						"type": "text/javascript"
					}
				}
			],
			"request": {
				"method": "POST",
				"header": [],
				"body": {
					"mode": "raw",
					"raw": "{\r\n    \"username\":\"admin\",\r\n    \"password\":\"password123\"\r\n}",
					"options": {
						"raw": {
							"language": "json"
						}
					}
				},
				"url": {
					"raw": "https://restful-booker.herokuapp.com/auth",
					"protocol": "https",
					"host": [
						"restful-booker",
						"herokuapp",
						"com"
					],
					"path": [
						"auth"
					]
				}
			},
			"response": []
		},
		{
			"name": "CreateBooking",
			"event": [
				{
					"listen": "test",
					"script": {
						"exec": [
							"pm.test(\"Status code is 200\", function () {\r",
							"    pm.response.to.have.status(200);\r",
							"});\r",
							"\r",
							"pm.test(\"Checkin\", function () {\r",
							"    var jsonData = pm.response.json();\r",
							"    pm.expect(jsonData.booking.bookingdates.checkin).to.eql(\"2018-01-01\");\r",
							"});\r",
							"\r",
							"pm.test(\"Checkout\", function () {\r",
							"    var jsonData = pm.response.json();\r",
							"    pm.expect(jsonData.booking.bookingdates.checkout).to.eql(\"2019-01-01\");\r",
							"});\r",
							"\r",
							"\r",
							"var jsonData = pm.response.json();\r",
							"pm.collectionVariables.set(\"Booking_ID\", jsonData.bookingid);\r",
							"\r",
							""
						],
						"type": "text/javascript"
					}
				}
			],
			"protocolProfileBehavior": {
				"disabledSystemHeaders": {
					"accept": true
				}
			},
			"request": {
				"method": "POST",
				"header": [
					{
						"key": "Accept",
						"value": "application/json",
						"type": "text"
					}
				],
				"body": {
					"mode": "raw",
					"raw": "{\r\n    \"firstname\" : \"Jim\",\r\n    \"lastname\" : \"Brown\",\r\n    \"totalprice\" : 111,\r\n    \"depositpaid\" : true,\r\n    \"bookingdates\" : {\r\n        \"checkin\" : \"2018-01-01\",\r\n        \"checkout\" : \"2019-01-01\"\r\n    },\r\n    \"additionalneeds\" : \"Breakfast\"\r\n}",
					"options": {
						"raw": {
							"language": "json"
						}
					}
				},
				"url": {
					"raw": "https://restful-booker.herokuapp.com/booking",
					"protocol": "https",
					"host": [
						"restful-booker",
						"herokuapp",
						"com"
					],
					"path": [
						"booking"
					]
				}
			},
			"response": []
		},
		{
			"name": "GetBooking",
			"event": [
				{
					"listen": "test",
					"script": {
						"exec": [
							"pm.test(\"Status code is 200\", function () {\r",
							"    pm.response.to.have.status(200);\r",
							"});\r",
							"\r",
							"pm.test(\"Checkin\", function () {\r",
							"    var jsonData = pm.response.json();\r",
							"    pm.expect(jsonData.bookingdates.checkin).to.eql(\"2018-01-01\");\r",
							"});\r",
							"\r",
							"pm.test(\"Checkout\", function () {\r",
							"    var jsonData = pm.response.json();\r",
							"    pm.expect(jsonData.bookingdates.checkout).to.eql(\"2019-01-01\");\r",
							"});\r",
							""
						],
						"type": "text/javascript"
					}
				}
			],
			"protocolProfileBehavior": {
				"disabledSystemHeaders": {
					"accept": true
				}
			},
			"request": {
				"method": "GET",
				"header": [
					{
						"key": "Accept",
						"value": "application/json",
						"type": "text"
					}
				],
				"url": {
					"raw": "https://restful-booker.herokuapp.com/booking/{{Booking_ID}}",
					"protocol": "https",
					"host": [
						"restful-booker",
						"herokuapp",
						"com"
					],
					"path": [
						"booking",
						"{{Booking_ID}}"
					]
				}
			},
			"response": []
		},
		{
			"name": "UpdateBooking",
			"event": [
				{
					"listen": "test",
					"script": {
						"exec": [
							"pm.test(\"Status code is 200\", function () {\r",
							"    pm.response.to.have.status(200);\r",
							"});\r",
							"\r",
							"pm.test(\"Firstname\", function () {\r",
							"    var jsonData = pm.response.json();\r",
							"    pm.expect(jsonData.firstname).to.eql(\"James\");\r",
							"});\r",
							"\r",
							"pm.test(\"Lastname\", function () {\r",
							"    var jsonData = pm.response.json();\r",
							"    pm.expect(jsonData.lastname).to.eql(\"Brown\");\r",
							"});"
						],
						"type": "text/javascript"
					}
				}
			],
			"protocolProfileBehavior": {
				"disabledSystemHeaders": {
					"accept": true
				}
			},
			"request": {
				"method": "PUT",
				"header": [
					{
						"key": "Accept",
						"value": "application/json",
						"type": "text"
					},
					{
						"key": "Cookie",
						"value": "token={{Token}}",
						"type": "text"
					}
				],
				"body": {
					"mode": "raw",
					"raw": "{\r\n    \"firstname\" : \"James\",\r\n    \"lastname\" : \"Brown\",\r\n    \"totalprice\" : 111,\r\n    \"depositpaid\" : true,\r\n    \"bookingdates\" : {\r\n        \"checkin\" : \"2018-01-01\",\r\n        \"checkout\" : \"2019-01-01\"\r\n    },\r\n    \"additionalneeds\" : \"Breakfast\"\r\n}",
					"options": {
						"raw": {
							"language": "json"
						}
					}
				},
				"url": {
					"raw": "https://restful-booker.herokuapp.com/booking/{{Booking_ID}}",
					"protocol": "https",
					"host": [
						"restful-booker",
						"herokuapp",
						"com"
					],
					"path": [
						"booking",
						"{{Booking_ID}}"
					]
				}
			},
			"response": []
		},
		{
			"name": "PartialUpdateBooking",
			"event": [
				{
					"listen": "test",
					"script": {
						"exec": [
							"pm.test(\"Status code is 200\", function () {\r",
							"    pm.response.to.have.status(200);\r",
							"});\r",
							"\r",
							"pm.test(\"Firstname\", function () {\r",
							"    var jsonData = pm.response.json();\r",
							"    pm.expect(jsonData.firstname).to.eql(\"James\");\r",
							"});\r",
							"\r",
							"pm.test(\"Lastname\", function () {\r",
							"    var jsonData = pm.response.json();\r",
							"    pm.expect(jsonData.lastname).to.eql(\"Brown\");\r",
							"});"
						],
						"type": "text/javascript"
					}
				}
			],
			"request": {
				"method": "PATCH",
				"header": [
					{
						"key": "Cookie",
						"value": "token={{Token}}",
						"type": "text"
					}
				],
				"body": {
					"mode": "raw",
					"raw": "{\r\n    \"firstname\" : \"James\",\r\n    \"lastname\" : \"Brown\"\r\n}",
					"options": {
						"raw": {
							"language": "json"
						}
					}
				},
				"url": {
					"raw": "https://restful-booker.herokuapp.com/booking/{{Booking_ID}}",
					"protocol": "https",
					"host": [
						"restful-booker",
						"herokuapp",
						"com"
					],
					"path": [
						"booking",
						"{{Booking_ID}}"
					]
				}
			},
			"response": []
		},
		{
			"name": "DeleteBooking",
			"event": [
				{
					"listen": "test",
					"script": {
						"exec": [
							"pm.test(\"Status code is 201\", function () {\r",
							"    pm.response.to.have.status(201);\r",
							"});\r",
							"\r",
							""
						],
						"type": "text/javascript"
					}
				}
			],
			"request": {
				"method": "DELETE",
				"header": [
					{
						"key": "Cookie",
						"value": "token={{Token}}",
						"type": "text"
					}
				],
				"url": {
					"raw": "https://restful-booker.herokuapp.com/booking/{{Booking_ID}}",
					"protocol": "https",
					"host": [
						"restful-booker",
						"herokuapp",
						"com"
					],
					"path": [
						"booking",
						"{{Booking_ID}}"
					]
				}
			},
			"response": []
		},
		{
			"name": "Delete_Code_404",
			"event": [
				{
					"listen": "test",
					"script": {
						"exec": [
							"pm.test(\"Status code is 404\", function () {\r",
							"    pm.response.to.have.status(404);\r",
							"});"
						],
						"type": "text/javascript"
					}
				}
			],
			"protocolProfileBehavior": {
				"disableBodyPruning": true
			},
			"request": {
				"method": "GET",
				"header": [],
				"body": {
					"mode": "raw",
					"raw": "",
					"options": {
						"raw": {
							"language": "json"
						}
					}
				},
				"url": {
					"raw": "https://restful-booker.herokuapp.com/booking/{{Booking_ID}}",
					"protocol": "https",
					"host": [
						"restful-booker",
						"herokuapp",
						"com"
					],
					"path": [
						"booking",
						"{{Booking_ID}}"
					]
				}
			},
			"response": []
		}
	],
	"event": [
		{
			"listen": "prerequest",
			"script": {
				"type": "text/javascript",
				"exec": [
					""
				]
			}
		},
		{
			"listen": "test",
			"script": {
				"type": "text/javascript",
				"exec": [
					""
				]
			}
		}
	],
	"variable": [
		{
			"key": "Booking_ID",
			"value": ""
		},
		{
			"key": "Token",
			"value": ""
		}
	]
}